<?xml version="1.0" encoding="UTF-8" standalone="yes"?>
<addon id="repository.torula" name="Torula addon repo" version="1.6.3" provider-name="torula.com">
	<extension point="xbmc.addon.repository" name="Torula addon repo">
		<info compressed="false">http://kodi.torula.com:8000/addons.xml</info>
		<checksum>http://kodi.torula.com:8000/addons.xml.md5</checksum>
		<datadir zip="true">http://kodi.torula.com:8000/</datadir>
	</extension>
	<extension point="xbmc.addon.metadata">
		<summary>Install official Torula addons from repo</summary>
		<description>Install official Torula addons from repo</description>
		<platform>all</platform>
		<website>http://torula.com</website>
	</extension>
</addon>
