<?xml version="1.0" encoding="UTF-8" standalone="yes"?>
<addon id="plugin.video.torula" name="Torula" version="2.14.1" provider-name="torula.com">
  <requires>
   <import addon="xbmc.python" version="2.19.0"/>
  </requires>
  <extension point="xbmc.python.pluginsource" library="addon.py">
    <provides>video</provides>
  </extension>
  <extension point="xbmc.addon.metadata">
    <summary lang="en">Live streaming HD channels for sports, news and entertainment</summary>
    <description lang="en">Torula is a curated list of live streaming HD channels for sports, news and entertainment.</description>
    <disclaimer lang="en">May not be legal in all countries, please check your local laws.</disclaimer>
    <language>en</language>
    <platform>all</platform>
    <license>MIT</license>
    <website>http://torula.com</website>
    <email>help@torula.com</email>
    <forum></forum>
    <source></source>
  </extension>
</addon>
